-- phpMyAdmin SQL Dump
-- version phpStudy 2014
-- http://www.phpmyadmin.net
--
-- ä¸»æœº: localhost
-- ç”Ÿæˆæ—¥æœŸ: 2018 å¹?03 æœ?22 æ—?07:49
-- æœåŠ¡å™¨ç‰ˆæœ¬: 5.5.53
-- PHP ç‰ˆæœ¬: 5.6.27

SET SQL_MODE="NO_AUTO_VALUE_ON_ZERO";
SET time_zone = "+00:00";


/*!40101 SET @OLD_CHARACTER_SET_CLIENT=@@CHARACTER_SET_CLIENT */;
/*!40101 SET @OLD_CHARACTER_SET_RESULTS=@@CHARACTER_SET_RESULTS */;
/*!40101 SET @OLD_COLLATION_CONNECTION=@@COLLATION_CONNECTION */;
/*!40101 SET NAMES utf8 */;

--
-- æ•°æ®åº“: `fengning`
--

-- --------------------------------------------------------

--
-- è¡¨çš„ç»“æ„ `fengning_admin`
--

CREATE TABLE IF NOT EXISTS `fengning_admin` (
  `id` int(11) NOT NULL AUTO_INCREMENT,
  `nickname` varchar(20) DEFAULT NULL COMMENT 'æ˜µç§°',
  `name` varchar(100) NOT NULL,
  `password` varchar(255) NOT NULL,
  `thumb` int(11) NOT NULL DEFAULT '1' COMMENT 'ç®¡ç†å‘˜å¤´åƒ',
  `create_time` int(11) NOT NULL COMMENT 'åˆ›å»ºæ—¶é—´',
  `update_time` int(11) NOT NULL COMMENT 'ä¿®æ”¹æ—¶é—´',
  `login_time` int(11) DEFAULT NULL COMMENT 'æœ€åç™»å½•æ—¶é—´',
  `login_ip` varchar(100) DEFAULT NULL COMMENT 'æœ€åç™»å½•ip',
  `admin_cate_id` int(2) NOT NULL DEFAULT '1' COMMENT 'ç®¡ç†å‘˜åˆ†ç»„',
  `admin_group_id` int(2) DEFAULT '0' COMMENT 'ç»„ç»‡æœºæ„',
  `status` tinyint(1) NOT NULL DEFAULT '1',
  PRIMARY KEY (`id`),
  KEY `id` (`id`) USING BTREE,
  KEY `admin_cate_id` (`admin_cate_id`) USING BTREE,
  KEY `nickname` (`nickname`) USING BTREE,
  KEY `create_time` (`create_time`) USING BTREE
) ENGINE=MyISAM  DEFAULT CHARSET=utf8 AUTO_INCREMENT=18 ;

--
-- è½¬å­˜è¡¨ä¸­çš„æ•°æ® `fengning_admin`
--

INSERT INTO `fengning_admin` (`id`, `nickname`, `name`, `password`, `thumb`, `create_time`, `update_time`, `login_time`, `login_ip`, `admin_cate_id`, `admin_group_id`, `status`) VALUES
(1, 'admin', 'admin', '9eb2b9ad495a75f80f9cf67ed08bbaae', 2, 1510885948, 1521552127, 1521696100, '0.0.0.0', 1, NULL, 1),
(16, 'test', 'test', '9eb2b9ad495a75f80f9cf67ed08bbaae', 3, 1521546733, 1521546733, 1521547355, '0.0.0.0', 1, NULL, 1);

-- --------------------------------------------------------

--
-- è¡¨çš„ç»“æ„ `fengning_admin_cate`
--

CREATE TABLE IF NOT EXISTS `fengning_admin_cate` (
  `id` int(11) NOT NULL AUTO_INCREMENT,
  `name` varchar(100) NOT NULL,
  `permissions` text COMMENT 'æƒé™èœå•',
  `create_time` int(11) NOT NULL,
  `update_time` int(11) NOT NULL,
  `desc` text COMMENT 'å¤‡æ³¨',
  PRIMARY KEY (`id`),
  KEY `id` (`id`) USING BTREE,
  KEY `name` (`name`) USING BTREE,
  KEY `create_time` (`create_time`) USING BTREE
) ENGINE=MyISAM  DEFAULT CHARSET=utf8 AUTO_INCREMENT=20 ;

--
-- è½¬å­˜è¡¨ä¸­çš„æ•°æ® `fengning_admin_cate`
--

INSERT INTO `fengning_admin_cate` (`id`, `name`, `permissions`, `create_time`, `update_time`, `desc`) VALUES
(1, 'è¶…çº§ç®¡ç†å‘˜', '54,55,56,6,7,8,11,13,14,16,17,19,20,21,25,26,53,28,29', 0, 1521548328, 'è¶…çº§ç®¡ç†å‘˜ï¼Œæ‹¥æœ‰æœ€é«˜æƒé™ï¼');

-- --------------------------------------------------------

--
-- è¡¨çš„ç»“æ„ `fengning_admin_group`
--

CREATE TABLE IF NOT EXISTS `fengning_admin_group` (
  `id` int(11) NOT NULL AUTO_INCREMENT,
  `name` varchar(100) DEFAULT NULL,
  `create_time` int(11) NOT NULL,
  `update_time` int(11) NOT NULL,
  `desc` text,
  PRIMARY KEY (`id`)
) ENGINE=MyISAM  DEFAULT CHARSET=utf8 AUTO_INCREMENT=2 ;

--
-- è½¬å­˜è¡¨ä¸­çš„æ•°æ® `fengning_admin_group`
--

INSERT INTO `fengning_admin_group` (`id`, `name`, `create_time`, `update_time`, `desc`) VALUES
(1, 'åŒ—äº¬é™¢', 0, 0, NULL);

-- --------------------------------------------------------

--
-- è¡¨çš„ç»“æ„ `fengning_admin_log`
--

CREATE TABLE IF NOT EXISTS `fengning_admin_log` (
  `id` int(11) NOT NULL AUTO_INCREMENT,
  `admin_menu_id` int(11) NOT NULL COMMENT 'æ“ä½œèœå•id',
  `admin_id` int(11) NOT NULL COMMENT 'æ“ä½œè€…id',
  `ip` varchar(100) DEFAULT NULL COMMENT 'æ“ä½œip',
  `operation_id` varchar(200) DEFAULT NULL COMMENT 'æ“ä½œå…³è”id',
  `create_time` int(11) NOT NULL COMMENT 'æ“ä½œæ—¶é—´',
  PRIMARY KEY (`id`),
  KEY `id` (`id`) USING BTREE,
  KEY `admin_id` (`admin_id`) USING BTREE,
  KEY `create_time` (`create_time`) USING BTREE
) ENGINE=MyISAM  DEFAULT CHARSET=utf8 AUTO_INCREMENT=65 ;

--
-- è½¬å­˜è¡¨ä¸­çš„æ•°æ® `fengning_admin_log`
--

INSERT INTO `fengning_admin_log` (`id`, `admin_menu_id`, `admin_id`, `ip`, `operation_id`, `create_time`) VALUES
(1, 28, 1, '0.0.0.0', '1', 1521546097),
(2, 4, 1, '0.0.0.0', '53', 1521546592),
(3, 28, 1, '0.0.0.0', '1', 1521546620),
(4, 53, 1, '0.0.0.0', '1', 1521546700),
(5, 53, 1, '0.0.0.0', '1', 1521546706),
(6, 49, 1, '0.0.0.0', '3', 1521546720),
(7, 25, 1, '0.0.0.0', '16', 1521546733),
(8, 53, 1, '0.0.0.0', '16', 1521546740),
(9, 50, 1, '0.0.0.0', '', 1521547210),
(10, 50, 1, '0.0.0.0', '', 1521547334),
(11, 50, 16, '0.0.0.0', '', 1521547355),
(12, 50, 1, '0.0.0.0', '', 1521547425),
(13, 4, 1, '0.0.0.0', '22', 1521547864),
(14, 4, 1, '0.0.0.0', '1', 1521547879),
(15, 4, 1, '0.0.0.0', '1', 1521547887),
(16, 4, 1, '0.0.0.0', '2', 1521547960),
(17, 4, 1, '0.0.0.0', '54', 1521548049),
(18, 4, 1, '0.0.0.0', '55', 1521548145),
(19, 4, 1, '0.0.0.0', '56', 1521548199),
(20, 5, 1, '0.0.0.0', '51', 1521548209),
(21, 5, 1, '0.0.0.0', '4', 1521548213),
(22, 56, 1, '0.0.0.0', '5', 1521548218),
(23, 28, 1, '0.0.0.0', '1', 1521548328),
(24, 56, 1, '0.0.0.0', '3', 1521548350),
(25, 55, 1, '0.0.0.0', '2', 1521548368),
(26, 55, 1, '0.0.0.0', '6', 1521548398),
(27, 55, 1, '0.0.0.0', '9', 1521548417),
(28, 55, 1, '0.0.0.0', '30', 1521548584),
(29, 55, 1, '0.0.0.0', '23', 1521548740),
(30, 55, 1, '0.0.0.0', '27', 1521548843),
(31, 55, 1, '0.0.0.0', '23', 1521548870),
(32, 55, 1, '0.0.0.0', '23', 1521548916),
(33, 55, 1, '0.0.0.0', '25', 1521548933),
(34, 55, 1, '0.0.0.0', '26', 1521548955),
(35, 55, 1, '0.0.0.0', '53', 1521548970),
(36, 56, 1, '0.0.0.0', '24', 1521548979),
(37, 50, 1, '0.0.0.0', '', 1521550829),
(38, 55, 1, '0.0.0.0', '7', 1521551892),
(39, 55, 1, '0.0.0.0', '8', 1521551901),
(40, 7, 1, '0.0.0.0', '1', 1521552127),
(41, 53, 1, '0.0.0.0', '16', 1521553855),
(42, 53, 1, '0.0.0.0', '16', 1521553862),
(43, 53, 1, '0.0.0.0', '16', 1521553871),
(44, 53, 1, '0.0.0.0', '16', 1521553883),
(45, 53, 1, '0.0.0.0', '16', 1521553888),
(46, 49, 1, '0.0.0.0', '4', 1521553929),
(47, 25, 1, '0.0.0.0', '17', 1521553949),
(48, 26, 1, '0.0.0.0', '17', 1521553963),
(49, 50, 1, '0.0.0.0', '', 1521594183),
(50, 55, 1, '0.0.0.0', '6', 1521594256),
(51, 11, 1, '0.0.0.0', '', 1521595387),
(52, 55, 1, '0.0.0.0', '7', 1521597809),
(53, 55, 1, '0.0.0.0', '8', 1521597829),
(54, 55, 1, '0.0.0.0', '7', 1521597848),
(55, 56, 1, '0.0.0.0', '6', 1521597983),
(56, 55, 1, '0.0.0.0', '7', 1521598011),
(57, 11, 1, '0.0.0.0', '', 1521599021),
(58, 55, 1, '0.0.0.0', '57', 1521614383),
(59, 50, 1, '0.0.0.0', '', 1521680564),
(60, 56, 1, '0.0.0.0', '57', 1521681384),
(61, 56, 1, '0.0.0.0', '50', 1521681490),
(62, 55, 1, '0.0.0.0', '58', 1521681681),
(63, 58, 1, '0.0.0.0', '', 1521681702),
(64, 58, 1, '0.0.0.0', '', 1521696100);

-- --------------------------------------------------------

--
-- è¡¨çš„ç»“æ„ `fengning_admin_menu`
--

CREATE TABLE IF NOT EXISTS `fengning_admin_menu` (
  `id` int(11) NOT NULL AUTO_INCREMENT,
  `name` varchar(50) NOT NULL,
  `module` varchar(50) NOT NULL COMMENT 'æ¨¡å—',
  `controller` varchar(100) NOT NULL COMMENT 'æ§åˆ¶å™¨',
  `function` varchar(100) NOT NULL COMMENT 'æ–¹æ³•',
  `parameter` varchar(50) DEFAULT NULL COMMENT 'å‚æ•°',
  `description` varchar(250) DEFAULT NULL COMMENT 'æè¿°',
  `is_display` int(1) NOT NULL DEFAULT '1' COMMENT '1æ˜¾ç¤ºåœ¨å·¦ä¾§èœå•2åªä½œä¸ºèŠ‚ç‚¹',
  `type` int(1) NOT NULL DEFAULT '1' COMMENT '1æƒé™èŠ‚ç‚¹2æ™®é€šèŠ‚ç‚¹',
  `pid` int(11) NOT NULL DEFAULT '0' COMMENT 'ä¸Šçº§èœå•0ä¸ºé¡¶çº§èœå•',
  `create_time` int(11) NOT NULL,
  `update_time` int(11) NOT NULL,
  `icon` varchar(100) DEFAULT NULL COMMENT 'å›¾æ ‡',
  `is_open` int(1) NOT NULL DEFAULT '0' COMMENT '0é»˜è®¤é—­åˆ1é»˜è®¤å±•å¼€',
  `orders` int(11) NOT NULL DEFAULT '0' COMMENT 'æ’åºå€¼ï¼Œè¶Šå°è¶Šé å‰',
  PRIMARY KEY (`id`),
  KEY `id` (`id`) USING BTREE,
  KEY `module` (`module`) USING BTREE,
  KEY `controller` (`controller`) USING BTREE,
  KEY `function` (`function`) USING BTREE,
  KEY `is_display` (`is_display`) USING BTREE,
  KEY `type` (`type`) USING BTREE
) ENGINE=MyISAM  DEFAULT CHARSET=utf8 COMMENT='ç³»ç»Ÿèœå•è¡¨' AUTO_INCREMENT=59 ;

--
-- è½¬å­˜è¡¨ä¸­çš„æ•°æ® `fengning_admin_menu`
--

INSERT INTO `fengning_admin_menu` (`id`, `name`, `module`, `controller`, `function`, `parameter`, `description`, `is_display`, `type`, `pid`, `create_time`, `update_time`, `icon`, `is_open`, `orders`) VALUES
(1, 'ç³»ç»Ÿç®¡ç†', '', '', '', '', 'ç³»ç»Ÿè®¾ç½®ã€‚', 1, 2, 0, 0, 1521547887, 'fa-cog', 0, 0),
(2, 'åŠŸèƒ½åˆ—è¡¨', 'admin', 'menu', 'index', '', 'åŠŸèƒ½ç®¡ç†ã€‚', 1, 2, 1, 0, 1521548368, 'fa-paw', 0, 0),
(7, 'ä¸ªäººä¿¡æ¯', 'admin', 'admin', 'personal', '', 'ä¸ªäººä¿¡æ¯ä¿®æ”¹ã€‚', 2, 2, 0, 1516949435, 1521598011, 'fa-user', 1, 0),
(8, 'ä¿®æ”¹å¯†ç ', 'admin', 'admin', 'editpassword', '', 'ç®¡ç†å‘˜ä¿®æ”¹ä¸ªäººå¯†ç ã€‚', 2, 2, 0, 1516949702, 1521597829, 'fa-unlock-alt', 0, 0),
(9, 'ç³»ç»Ÿè®¾ç½®', '', '', '', '', 'ç³»ç»Ÿç›¸å…³è®¾ç½®ã€‚', 1, 2, 1, 1516949853, 1521548417, 'fa-cog', 0, 0),
(10, 'ç½‘ç«™è®¾ç½®', 'admin', 'webconfig', 'index', '', 'ç½‘ç«™ç›¸å…³è®¾ç½®é¦–é¡µã€‚', 1, 2, 9, 1516949994, 1516949994, 'fa-bullseye', 0, 0),
(11, 'ä¿®æ”¹ç½‘ç«™è®¾ç½®', 'admin', 'webconfig', 'publish', '', 'ä¿®æ”¹ç½‘ç«™è®¾ç½®ã€‚', 2, 1, 10, 1516950047, 1516950047, '', 0, 0),
(12, 'é‚®ä»¶è®¾ç½®', 'admin', 'emailconfig', 'index', '', 'é‚®ä»¶é…ç½®é¦–é¡µã€‚', 1, 2, 9, 1516950129, 1516950129, 'fa-envelope', 0, 0),
(13, 'ä¿®æ”¹é‚®ä»¶è®¾ç½®', 'admin', 'emailconfig', 'publish', '', 'ä¿®æ”¹é‚®ä»¶è®¾ç½®ã€‚', 2, 1, 12, 1516950215, 1516950215, '', 0, 0),
(14, 'å‘é€æµ‹è¯•é‚®ä»¶', 'admin', 'emailconfig', 'mailto', '', 'å‘é€æµ‹è¯•é‚®ä»¶ã€‚', 2, 1, 12, 1516950295, 1516950295, '', 0, 0),
(15, 'çŸ­ä¿¡è®¾ç½®', 'admin', 'smsconfig', 'index', '', 'çŸ­ä¿¡è®¾ç½®é¦–é¡µã€‚', 1, 2, 9, 1516950394, 1516950394, 'fa-comments', 0, 0),
(16, 'ä¿®æ”¹çŸ­ä¿¡è®¾ç½®', 'admin', 'smsconfig', 'publish', '', 'ä¿®æ”¹çŸ­ä¿¡è®¾ç½®ã€‚', 2, 1, 15, 1516950447, 1516950447, '', 0, 0),
(17, 'å‘é€æµ‹è¯•çŸ­ä¿¡', 'admin', 'smsconfig', 'smsto', '', 'å‘é€æµ‹è¯•çŸ­ä¿¡ã€‚', 2, 1, 15, 1516950483, 1516950483, '', 0, 0),
(18, 'URL è®¾ç½®', 'admin', 'urlsconfig', 'index', '', 'url è®¾ç½®ã€‚', 1, 2, 9, 1516950738, 1516950804, 'fa-code-fork', 0, 0),
(19, 'æ–°å¢/ä¿®æ”¹urlè®¾ç½®', 'admin', 'urlsconfig', 'publish', '', 'æ–°å¢/ä¿®æ”¹urlè®¾ç½®ã€‚', 2, 1, 18, 1516950850, 1516950850, '', 0, 0),
(20, 'å¯ç”¨/ç¦ç”¨urlç¾åŒ–', 'admin', 'urlsconfig', 'status', '', 'å¯ç”¨/ç¦ç”¨urlç¾åŒ–ã€‚', 2, 1, 18, 1516950909, 1516950909, '', 0, 0),
(21, ' åˆ é™¤urlç¾åŒ–è§„åˆ™', 'admin', 'urlsconfig', 'delete', '', ' åˆ é™¤urlç¾åŒ–è§„åˆ™ã€‚', 2, 1, 18, 1516950941, 1516950941, '', 0, 0),
(22, 'ç”¨æˆ·ç®¡ç†', '', '', '', '', 'ç”¨æˆ·å’Œç»„ç»‡æœºæ„ç®¡ç†ã€‚', 1, 2, 0, 1516950991, 1521547864, 'fa-users', 0, 0),
(23, 'ç»„ç»‡æœºæ„', 'admin', 'admin', 'index', '', 'ç»„ç»‡æœºæ„ç®¡ç†', 1, 2, 22, 1516951071, 1521548916, ' fa fa-user-circle-o', 0, 0),
(25, 'æ–°å¢/ä¿®æ”¹ç®¡ç†å‘˜', 'admin', 'admin', 'publish', '', 'æ–°å¢/ä¿®æ”¹ç³»ç»Ÿç®¡ç†å‘˜ã€‚', 2, 1, 23, 1516951224, 1521548933, '', 0, 0),
(26, 'åˆ é™¤ç®¡ç†å‘˜', 'admin', 'admin', 'delete', '', 'åˆ é™¤ç®¡ç†å‘˜ã€‚', 2, 1, 23, 1516951253, 1521548955, '', 0, 0),
(27, 'è§’è‰²ç®¡ç†', 'admin', 'admin', 'admincate', '', 'æƒé™åˆ†ç»„ã€‚', 1, 2, 22, 1516951353, 1521548843, 'fa-dot-circle-o', 0, 0),
(28, 'æ–°å¢/ä¿®æ”¹æƒé™ç»„', 'admin', 'admin', 'admincatepublish', '', 'æ–°å¢/ä¿®æ”¹æƒé™ç»„ã€‚', 2, 1, 27, 1516951483, 1516951483, '', 0, 0),
(29, 'åˆ é™¤æƒé™ç»„', 'admin', 'admin', 'admincatedelete', '', 'åˆ é™¤æƒé™ç»„ã€‚', 2, 1, 27, 1516951515, 1516951515, '', 0, 0),
(30, 'æ“ä½œæ—¥å¿—', 'admin', 'admin', 'log', '', 'ç³»ç»Ÿç®¡ç†å‘˜æ“ä½œæ—¥å¿—ã€‚', 1, 2, 22, 1516951754, 1521548584, 'fa-pencil', 0, 0),
(53, 'ç¦ç”¨/å¼€å¯', 'admin', 'admin', 'audit', '', 'ç¦ç”¨æˆ–å¼€å¯ç”¨æˆ·', 2, 1, 23, 1521546592, 1521548970, 'fa fa-lock', 0, 0),
(54, 'æ’åº', 'admin', 'menu', 'orders', '', 'ç³»ç»ŸåŠŸèƒ½æ’åºã€‚', 2, 1, 2, 1521548049, 1521548049, '', 0, 0),
(55, 'æ–°å¢/ä¿®æ”¹ç³»ç»ŸåŠŸèƒ½', 'admin', 'menu', 'publish', '', 'æ–°å¢/ä¿®æ”¹ç³»ç»ŸåŠŸèƒ½ã€‚', 2, 1, 2, 1521548145, 1521548145, '', 0, 0),
(56, 'åˆ é™¤ç³»ç»ŸåŠŸèƒ½', 'admin', 'menu', 'delete', '', 'åˆ é™¤ç³»ç»ŸåŠŸèƒ½ã€‚', 2, 1, 2, 1521548199, 1521548199, '', 0, 0),
(49, 'é™„ä»¶ä¸Šä¼ ', 'admin', 'common', 'upload', '', 'é™„ä»¶ä¸Šä¼ ã€‚', 2, 2, 0, 1516954491, 1521529896, '', 0, 0),
(58, 'ç”¨æˆ·ç™»å½•', 'admin', 'common', 'login', '', 'ç”¨æˆ·ç™»å½•', 2, 2, 0, 0, 1521681681, '', 0, 0);

-- --------------------------------------------------------

--
-- è¡¨çš„ç»“æ„ `fengning_attachment`
--

CREATE TABLE IF NOT EXISTS `fengning_attachment` (
  `id` int(10) unsigned NOT NULL AUTO_INCREMENT,
  `module` char(15) NOT NULL DEFAULT '' COMMENT 'æ‰€å±æ¨¡å—',
  `filename` char(50) NOT NULL DEFAULT '' COMMENT 'æ–‡ä»¶å',
  `filepath` char(200) NOT NULL DEFAULT '' COMMENT 'æ–‡ä»¶è·¯å¾„+æ–‡ä»¶å',
  `filesize` int(10) unsigned NOT NULL DEFAULT '0' COMMENT 'æ–‡ä»¶å¤§å°',
  `fileext` char(10) NOT NULL DEFAULT '' COMMENT 'æ–‡ä»¶åç¼€',
  `user_id` int(11) unsigned NOT NULL DEFAULT '0' COMMENT 'ä¼šå‘˜ID',
  `uploadip` char(15) NOT NULL DEFAULT '' COMMENT 'ä¸Šä¼ IP',
  `status` tinyint(1) NOT NULL DEFAULT '0' COMMENT '0æœªå®¡æ ¸1å·²å®¡æ ¸-1ä¸é€šè¿‡',
  `create_time` int(11) unsigned NOT NULL DEFAULT '0',
  `admin_id` int(11) NOT NULL COMMENT 'å®¡æ ¸è€…id',
  `audit_time` int(11) NOT NULL COMMENT 'å®¡æ ¸æ—¶é—´',
  `use` varchar(200) DEFAULT NULL COMMENT 'ç”¨å¤„',
  `download` int(11) NOT NULL DEFAULT '0' COMMENT 'ä¸‹è½½é‡',
  PRIMARY KEY (`id`),
  KEY `id` (`id`) USING BTREE,
  KEY `status` (`status`) USING BTREE,
  KEY `filename` (`filename`) USING BTREE,
  KEY `create_time` (`create_time`) USING BTREE
) ENGINE=InnoDB  DEFAULT CHARSET=utf8 ROW_FORMAT=COMPACT COMMENT='é™„ä»¶è¡¨' AUTO_INCREMENT=5 ;

--
-- è½¬å­˜è¡¨ä¸­çš„æ•°æ® `fengning_attachment`
--

INSERT INTO `fengning_attachment` (`id`, `module`, `filename`, `filepath`, `filesize`, `fileext`, `user_id`, `uploadip`, `status`, `create_time`, `admin_id`, `audit_time`, `use`, `download`) VALUES
(1, 'admin', '79811855a6c06de53047471c4ff82a36.jpg', '\\uploads\\admin\\admin_thumb\\20180104\\79811855a6c06de53047471c4ff82a36.jpg', 13781, 'jpg', 1, '127.0.0.1', 1, 1515046060, 1, 1515046060, 'admin_thumb', 0),
(2, 'admin', '0c5c0171e5ff3ee9856e58cad3bda271.jpg', '\\uploads\\admin\\admin_thumb\\20180320\\0c5c0171e5ff3ee9856e58cad3bda271.jpg', 15040, 'jpg', 1, '0.0.0.0', 1, 1521538164, 1, 1521538164, 'admin_thumb', 0),
(3, 'admin', '35a1c75dcc2f82bc7dfbe64ac3f2e168.jpg', '\\uploads\\admin\\admin_thumb\\20180320\\35a1c75dcc2f82bc7dfbe64ac3f2e168.jpg', 18694, 'jpg', 1, '0.0.0.0', 1, 1521546719, 1, 1521546719, 'admin_thumb', 0),
(4, 'admin', 'a97e9a2e9822497a61f861f2ed27d44a.jpg', '\\uploads\\admin\\admin_thumb\\20180320\\a97e9a2e9822497a61f861f2ed27d44a.jpg', 15040, 'jpg', 1, '0.0.0.0', 1, 1521553929, 1, 1521553929, 'admin_thumb', 0);

-- --------------------------------------------------------

--
-- è¡¨çš„ç»“æ„ `fengning_datatables_example`
--

CREATE TABLE IF NOT EXISTS `fengning_datatables_example` (
  `id` int(11) NOT NULL AUTO_INCREMENT,
  `name` varchar(100) DEFAULT NULL,
  `position` varchar(100) DEFAULT NULL,
  `office` varchar(100) DEFAULT NULL,
  PRIMARY KEY (`id`)
) ENGINE=MyISAM  DEFAULT CHARSET=utf8 AUTO_INCREMENT=13 ;

--
-- è½¬å­˜è¡¨ä¸­çš„æ•°æ® `fengning_datatables_example`
--

INSERT INTO `fengning_datatables_example` (`id`, `name`, `position`, `office`) VALUES
(1, 'å¼ ä¸‰', '1', 'ç»¿åœ°'),
(2, 'æä¸‰', '1', 'ç»¿åœ°'),
(3, 'a', '1', 'aaa'),
(4, 'b', '1', 'bbb'),
(5, 'c', '2', 'ccc'),
(6, 'asdf', '2', 'wer'),
(7, 'ertwe', '2', 'sdfa'),
(8, 'gtrhtr', '1', 'asdf'),
(9, 'ewrw', '3', 'dfs'),
(10, 'yjytj', '3', 'fdgd'),
(11, '45t', '3', 'gg'),
(12, 'hyjy', '2', 're');

-- --------------------------------------------------------

--
-- è¡¨çš„ç»“æ„ `fengning_datatables_example_join`
--

CREATE TABLE IF NOT EXISTS `fengning_datatables_example_join` (
  `id` int(11) NOT NULL AUTO_INCREMENT,
  `name` varchar(100) DEFAULT NULL,
  PRIMARY KEY (`id`)
) ENGINE=MyISAM  DEFAULT CHARSET=utf8 AUTO_INCREMENT=4 ;

--
-- è½¬å­˜è¡¨ä¸­çš„æ•°æ® `fengning_datatables_example_join`
--

INSERT INTO `fengning_datatables_example_join` (`id`, `name`) VALUES
(1, 'å¤§å“¥'),
(2, 'äºŒå“¥'),
(3, 'ä¸‰å“¥');

-- --------------------------------------------------------

--
-- è¡¨çš„ç»“æ„ `fengning_emailconfig`
--

CREATE TABLE IF NOT EXISTS `fengning_emailconfig` (
  `email` varchar(5) NOT NULL COMMENT 'é‚®ç®±é…ç½®æ ‡è¯†',
  `from_email` varchar(50) NOT NULL COMMENT 'é‚®ä»¶æ¥æºä¹Ÿå°±æ˜¯é‚®ä»¶åœ°å€',
  `from_name` varchar(50) NOT NULL,
  `smtp` varchar(50) NOT NULL COMMENT 'é‚®ç®±smtpæœåŠ¡å™¨',
  `username` varchar(100) NOT NULL COMMENT 'é‚®ç®±è´¦å·',
  `password` varchar(100) NOT NULL COMMENT 'é‚®ç®±å¯†ç ',
  `title` varchar(200) NOT NULL COMMENT 'é‚®ä»¶æ ‡é¢˜',
  `content` text NOT NULL COMMENT 'é‚®ä»¶æ¨¡æ¿',
  KEY `email` (`email`) USING BTREE
) ENGINE=MyISAM DEFAULT CHARSET=utf8;

--
-- è½¬å­˜è¡¨ä¸­çš„æ•°æ® `fengning_emailconfig`
--

INSERT INTO `fengning_emailconfig` (`email`, `from_email`, `from_name`, `smtp`, `username`, `password`, `title`, `content`) VALUES
('email', '', '', '', '', '', '', '');

-- --------------------------------------------------------

--
-- è¡¨çš„ç»“æ„ `fengning_smsconfig`
--

CREATE TABLE IF NOT EXISTS `fengning_smsconfig` (
  `sms` varchar(10) NOT NULL DEFAULT 'sms' COMMENT 'æ ‡è¯†',
  `appkey` varchar(200) NOT NULL,
  `secretkey` varchar(200) NOT NULL,
  `type` varchar(100) DEFAULT 'normal' COMMENT 'çŸ­ä¿¡ç±»å‹',
  `name` varchar(100) NOT NULL COMMENT 'çŸ­ä¿¡ç­¾å',
  `code` varchar(100) NOT NULL COMMENT 'çŸ­ä¿¡æ¨¡æ¿ID',
  `content` text NOT NULL COMMENT 'çŸ­ä¿¡é»˜è®¤æ¨¡æ¿',
  KEY `sms` (`sms`) USING BTREE
) ENGINE=MyISAM DEFAULT CHARSET=utf8;

--
-- è½¬å­˜è¡¨ä¸­çš„æ•°æ® `fengning_smsconfig`
--

INSERT INTO `fengning_smsconfig` (`sms`, `appkey`, `secretkey`, `type`, `name`, `code`, `content`) VALUES
('sms', '', '', '', '', '', '');

-- --------------------------------------------------------

--
-- è¡¨çš„ç»“æ„ `fengning_urlconfig`
--

CREATE TABLE IF NOT EXISTS `fengning_urlconfig` (
  `id` int(11) NOT NULL AUTO_INCREMENT,
  `aliases` varchar(200) NOT NULL COMMENT 'æƒ³è¦è®¾ç½®çš„åˆ«å',
  `url` varchar(200) NOT NULL COMMENT 'åŸurlç»“æ„',
  `desc` text COMMENT 'å¤‡æ³¨',
  `status` int(1) NOT NULL DEFAULT '1' COMMENT '0ç¦ç”¨1ä½¿ç”¨',
  `create_time` int(11) NOT NULL,
  `update_time` int(11) NOT NULL,
  PRIMARY KEY (`id`),
  KEY `id` (`id`) USING BTREE,
  KEY `status` (`status`) USING BTREE
) ENGINE=MyISAM  DEFAULT CHARSET=utf8 AUTO_INCREMENT=2 ;

--
-- è½¬å­˜è¡¨ä¸­çš„æ•°æ® `fengning_urlconfig`
--

INSERT INTO `fengning_urlconfig` (`id`, `aliases`, `url`, `desc`, `status`, `create_time`, `update_time`) VALUES
(1, 'admin_login', 'admin/common/login', 'åå°ç™»å½•åœ°å€ã€‚', 0, 1517621629, 1517621629);

-- --------------------------------------------------------

--
-- è¡¨çš„ç»“æ„ `fengning_webconfig`
--

CREATE TABLE IF NOT EXISTS `fengning_webconfig` (
  `web` varchar(20) NOT NULL COMMENT 'ç½‘ç«™é…ç½®æ ‡è¯†',
  `name` varchar(200) NOT NULL COMMENT 'ç½‘ç«™åç§°',
  `keywords` text COMMENT 'å…³é”®è¯',
  `desc` text COMMENT 'æè¿°',
  `is_log` int(1) NOT NULL DEFAULT '1' COMMENT '1å¼€å¯æ—¥å¿—0å…³é—­',
  `file_type` varchar(200) DEFAULT NULL COMMENT 'å…è®¸ä¸Šä¼ çš„ç±»å‹',
  `file_size` bigint(20) DEFAULT NULL COMMENT 'å…è®¸ä¸Šä¼ çš„æœ€å¤§å€¼',
  `statistics` text COMMENT 'ç»Ÿè®¡ä»£ç ',
  `black_ip` text COMMENT 'ipé»‘åå•',
  `url_suffix` varchar(20) DEFAULT NULL COMMENT 'urlä¼ªé™æ€åç¼€',
  KEY `web` (`web`) USING BTREE
) ENGINE=MyISAM DEFAULT CHARSET=utf8;

--
-- è½¬å­˜è¡¨ä¸­çš„æ•°æ® `fengning_webconfig`
--

INSERT INTO `fengning_webconfig` (`web`, `name`, `keywords`, `desc`, `is_log`, `file_type`, `file_size`, `statistics`, `black_ip`, `url_suffix`) VALUES
('web', 'ä¸°å®BIMååŒç®¡ç†å¹³å°', '', '', 1, 'jpg,png,gif,mp4,jpeg,doc,docx,xls,xlsx,pdf', 500, '', '', NULL);

/*!40101 SET CHARACTER_SET_CLIENT=@OLD_CHARACTER_SET_CLIENT */;
/*!40101 SET CHARACTER_SET_RESULTS=@OLD_CHARACTER_SET_RESULTS */;
/*!40101 SET COLLATION_CONNECTION=@OLD_COLLATION_CONNECTION */;
